{
  "name": "eor-resources",
  "title": "Empire of Ruin Resources",
  "description": "Resources for Empire of Ruin",
  "author" : "Krokkin",
  "version": "1.0.0",
  "minimumCoreVersion": "0.8.6",
  "compatibleCoreVersion": "10",
  "packs": [
    {
        "name": "eor-resources",
        "label": "Empire of Ruin resources",
        "path": "packs/empire-of-ruin-resources.db",
        "entity": "Item",
        "type": "Item",
        "system": "pf2e"
    }
  ],
	"manifest": "https://raw.githubusercontent.com/iron2k2/eor-resources/master/module.json",
	"download": "https://raw.githubusercontent.com/iron2k2/eor-resources/master/eor-resources.zip",
	"url": "https://github.com/iron2k2/eor-resources"
}
